{
    "/readme.md": [
        {
            "name": " hello world narrative",
            "type": "FS",
            "items": [
                {
                    "type": "text",
                    "content": "Hello World!"
                },
                {
                    "type": "text",
                    "content": "Thisisastoryallabouthow...."
                },
                {
                    "type": "link",
                    "content": {"id":"code link","node":"/bubblesort.js"}
                },
                {
                    "type": "link",
                    "content": {"id":"bubble narrative","node":"/fibonacci.js"}
                },
                {
                    "type": "text",
                    "content": " FIN "
                }
            ]
        }
    ],
    "/bubblesort.js" : [
            {
                "name": "code link",
                "type": "FS",
                "items": [
                    {
                        "type": "text",
                        "content": "A bubble sort program"
                    },
                    {
                        "type": "text",
                        "content": "Lets see it in action "
                    },
                    {
                    "type": "link",
                    "content": {"id":"codetest2","node":"/bubblesort.js/Program"}
                    }
                ]
            }
        ],
    "/bubblesort.js/Program":[
        {
            "name":"codetest2",
            "type":"Code",
            "itemHooks":{
                "body/0/body/body/0":{
                    "node":"body/0/body/body/0",
                     "items":[
                        {"type":"text",
                        "content":"Here we set the length"
                     },
                      {"type":"vcode",
                        "content":"var barchart = new BarChart(); "}

                    ]},
                "body/0/body/body/1/body/body/1/body/body/0/test":{
                "node":"body/0/body/body/1/body/body/1/body/body/0/test",
                 "items":[
                    {"type":"text",
                    "content":"Here it checks if it should swap these values"
                 },
                  {"type":"vcode",
                    "content":"barchart.select([i,i+1]);"}
                    ]
                }
            }
        }
    ]
}
